
-- Insert comprehensive data into diagnoses (50+ conditions)
INSERT INTO diagnoses (condition, symptoms, description) VALUES
('Common Cold', '["fever", "cough", "sore throat", "runny nose", "headache"]', 'Viral infection of upper respiratory tract'),
('Influenza', '["fever", "cough", "muscle aches", "fatigue", "headache"]', 'Acute viral infection'),
('Strep Throat', '["sore throat", "fever", "swollen lymph nodes", "difficulty swallowing"]', 'Bacterial infection of the throat'),
('Bronchitis', '["persistent cough", "chest pain", "shortness of breath", "fatigue"]', 'Inflammation of the bronchial tubes'),
('Pneumonia', '["chest pain", "cough", "fever", "shortness of breath", "fatigue"]', 'Infection that inflames air sacs in lungs'),
('Asthma', '["shortness of breath", "chest tightness", "wheezing", "cough"]', 'Chronic respiratory condition'),
('Sinusitis', '["nasal congestion", "facial pain", "headache", "thick nasal discharge"]', 'Inflammation of the sinuses'),
('Gastroenteritis', '["nausea", "vomiting", "diarrhea", "abdominal pain", "fever"]', 'Inflammation of stomach and intestines'),
('Peptic Ulcer', '["abdominal pain", "nausea", "bloating", "heartburn"]', 'Sores in stomach or small intestine lining'),
('GERD', '["heartburn", "acid reflux", "chest pain", "difficulty swallowing"]', 'Gastroesophageal reflux disease'),
('IBS', '["abdominal pain", "bloating", "diarrhea", "constipation"]', 'Irritable bowel syndrome'),
('Appendicitis', '["abdominal pain", "nausea", "vomiting", "fever", "loss of appetite"]', 'Inflammation of the appendix'),
('Food Poisoning', '["nausea", "vomiting", "diarrhea", "abdominal cramps", "fever"]', 'Illness caused by contaminated food'),
('Hypertension', '["headache", "shortness of breath", "chest pain", "dizziness"]', 'High blood pressure'),
('Arrhythmia', '["palpitations", "chest pain", "shortness of breath", "dizziness"]', 'Irregular heartbeat'),
('Angina', '["chest pain", "shortness of breath", "fatigue", "sweating"]', 'Reduced blood flow to heart'),
('Heart Attack', '["chest pain", "shortness of breath", "nausea", "sweating", "arm pain"]', 'Blockage of blood flow to heart'),
('Migraine', '["severe headache", "nausea", "sensitivity to light", "visual disturbances"]', 'Severe recurring headaches'),
('Tension Headache', '["headache", "neck stiffness", "muscle tension"]', 'Most common type of headache'),
('Vertigo', '["dizziness", "nausea", "balance problems", "spinning sensation"]', 'Sensation of spinning or movement'),
('Seizure Disorder', '["convulsions", "loss of consciousness", "confusion", "muscle stiffness"]', 'Abnormal electrical activity in brain'),
('Arthritis', '["joint pain", "stiffness", "swelling", "reduced range of motion"]', 'Inflammation of joints'),
('Back Pain', '["back pain", "muscle stiffness", "limited mobility", "radiating pain"]', 'Pain in the back muscles or spine'),
('Fibromyalgia', '["muscle pain", "fatigue", "sleep disturbances", "tender points"]', 'Chronic muscle pain disorder'),
('Fracture', '["pain", "swelling", "bruising", "deformity", "inability to move"]', 'Broken bone'),
('Eczema', '["itchy skin", "rash", "dry skin", "inflammation"]', 'Chronic skin condition'),
('Psoriasis', '["red patches", "scaling", "itching", "thick skin"]', 'Autoimmune skin condition'),
('Acne', '["pimples", "blackheads", "oily skin", "inflammation"]', 'Common skin condition'),
('Dermatitis', '["rash", "itching", "redness", "swelling"]', 'Inflammation of the skin'),
('UTI', '["burning urination", "frequent urination", "pelvic pain", "cloudy urine"]', 'Urinary tract infection'),
('Kidney Stones', '["severe pain", "nausea", "vomiting", "blood in urine"]', 'Hard deposits in kidneys'),
('Cystitis', '["burning urination", "pelvic pain", "frequent urination", "urgency"]', 'Inflammation of the bladder'),
('Diabetes Type 2', '["frequent urination", "excessive thirst", "fatigue", "blurred vision"]', 'Metabolic disorder with high blood sugar'),
('Hyperthyroidism', '["weight loss", "rapid heartbeat", "nervousness", "sweating"]', 'Overactive thyroid gland'),
('Hypothyroidism', '["weight gain", "fatigue", "cold intolerance", "dry skin"]', 'Underactive thyroid gland'),
('Depression', '["persistent sadness", "loss of interest", "fatigue", "sleep disturbances"]', 'Major depressive disorder'),
('Anxiety', '["excessive worry", "restlessness", "rapid heartbeat", "sweating"]', 'Generalized anxiety disorder'),
('Panic Disorder', '["panic attacks", "chest pain", "shortness of breath", "sweating"]', 'Recurrent panic attacks'),
('Malaria', '["fever", "chills", "headache", "muscle aches", "fatigue"]', 'Mosquito-borne parasitic infection'),
('Tuberculosis', '["persistent cough", "chest pain", "weight loss", "night sweats"]', 'Bacterial infection of lungs'),
('Hepatitis', '["fatigue", "nausea", "abdominal pain", "jaundice"]', 'Liver inflammation'),
('COVID-19', '["fever", "cough", "shortness of breath", "loss of taste", "fatigue"]', 'Viral respiratory illness'),
('Menstrual Disorders', '["irregular periods", "heavy bleeding", "pelvic pain", "cramping"]', 'Abnormal menstrual patterns'),
('PCOS', '["irregular periods", "weight gain", "acne", "hair growth"]', 'Polycystic ovary syndrome'),
('Endometriosis', '["pelvic pain", "heavy periods", "pain during intercourse", "infertility"]', 'Tissue growth outside uterus'),
('Chicken Pox', '["itchy rash", "fever", "fatigue", "loss of appetite"]', 'Viral infection causing rash'),
('Measles', '["fever", "cough", "runny nose", "red rash", "conjunctivitis"]', 'Highly contagious viral infection'),
('Mumps', '["swollen salivary glands", "fever", "headache", "muscle aches"]', 'Viral infection affecting salivary glands'),
('Conjunctivitis', '["red eyes", "itching", "discharge", "tearing"]', 'Inflammation of the conjunctiva'),
('Glaucoma', '["eye pain", "blurred vision", "halos around lights", "headache"]', 'Increased pressure in the eye'),
('Cataracts', '["blurred vision", "sensitivity to light", "difficulty seeing at night"]', 'Clouding of the eye lens'),
('Otitis Media', '["ear pain", "fever", "hearing loss", "discharge from ear"]', 'Middle ear infection'),
('Tonsillitis', '["sore throat", "difficulty swallowing", "fever", "swollen tonsils"]', 'Inflammation of the tonsils'),
('Laryngitis', '["hoarse voice", "sore throat", "dry cough", "throat clearing"]', 'Inflammation of the larynx');

-- Insert comprehensive data into treatments
INSERT INTO treatments (condition, medications, instructions, warnings) VALUES
('Common Cold', '["ibuprofen", "pseudoephedrine", "guaifenesin"]', 'Rest, stay hydrated, take medications as needed for symptom relief', '["Do not exceed recommended dosage", "Consult doctor if symptoms persist beyond 7 days"]'),
('Influenza', '["oseltamivir", "acetaminophen", "ibuprofen"]', 'Take antiviral within 48 hours of symptom onset, rest, stay hydrated', '["Monitor for severe symptoms", "Seek immediate care for breathing difficulties"]'),
('Strep Throat', '["amoxicillin", "ibuprofen", "throat lozenges"]', 'Complete full course of antibiotics, take pain relievers as needed', '["Allergic reactions possible", "Complete antibiotic course"]'),
('Bronchitis', '["albuterol", "prednisone", "guaifenesin"]', 'Use bronchodilators as prescribed, rest, increase fluid intake', '["Monitor for worsening symptoms", "Avoid smoke and irritants"]'),
('Pneumonia', '["amoxicillin", "azithromycin", "acetaminophen"]', 'Complete antibiotic course, rest, maintain hydration', '["Seek immediate care for breathing difficulties", "Complete medication course"]'),
('Asthma', '["albuterol", "fluticasone", "montelukast"]', 'Use rescue inhaler as needed, take controller medications daily', '["Always carry rescue inhaler", "Avoid known triggers"]'),
('Sinusitis', '["amoxicillin", "pseudoephedrine", "saline spray"]', 'Complete antibiotic course, use decongestants, nasal irrigation', '["Monitor for complications", "Avoid overuse of decongestants"]'),
('Gastroenteritis', '["loperamide", "oral rehydration solution", "probiotics"]', 'Maintain hydration, BRAT diet initially, gradual food reintroduction', '["Seek care for severe dehydration", "Avoid dairy initially"]'),
('Peptic Ulcer', '["omeprazole", "amoxicillin", "clarithromycin"]', 'Take medications as prescribed, avoid NSAIDs, reduce stress', '["Complete H. pylori treatment", "Avoid alcohol and spicy foods"]'),
('GERD', '["omeprazole", "ranitidine", "antacids"]', 'Take medications before meals, elevate head of bed, avoid trigger foods', '["Avoid lying down after meals", "Limit caffeine and alcohol"]'),
('IBS', '["dicyclomine", "fiber supplements", "probiotics"]', 'Identify trigger foods, manage stress, regular exercise', '["Keep food diary", "Gradual dietary changes"]'),
('Appendicitis', '["surgical removal", "antibiotics", "pain medication"]', 'Immediate surgical consultation, nothing by mouth until surgery', '["Emergency condition", "Do not delay treatment"]'),
('Food Poisoning', '["oral rehydration solution", "probiotics", "rest"]', 'Maintain hydration, bland diet, avoid dairy and alcohol', '["Seek care for severe symptoms", "Monitor for dehydration"]'),
('Hypertension', '["lisinopril", "amlodipine", "hydrochlorothiazide"]', 'Take medications daily, monitor blood pressure, lifestyle modifications', '["Regular monitoring required", "Do not stop medications suddenly"]'),
('Arrhythmia', '["metoprolol", "warfarin", "amiodarone"]', 'Take medications as prescribed, regular cardiology follow-up', '["Monitor for bleeding", "Regular blood tests required"]'),
('Angina', '["nitroglycerin", "metoprolol", "aspirin"]', 'Take nitroglycerin for chest pain, regular cardiology care', '["Seek immediate care for severe chest pain", "Avoid sudden exertion"]'),
('Heart Attack', '["aspirin", "clopidogrel", "atorvastatin"]', 'Immediate emergency care, cardiac rehabilitation, lifestyle changes', '["Emergency condition", "Lifelong medication compliance"]'),
('Migraine', '["sumatriptan", "topiramate", "ibuprofen"]', 'Take medications at onset, rest in dark room, identify triggers', '["Avoid medication overuse", "Keep headache diary"]'),
('Tension Headache', '["acetaminophen", "ibuprofen", "muscle relaxants"]', 'Take pain relievers, apply heat/cold, stress management', '["Limit medication use", "Address underlying stress"]'),
('Vertigo', '["meclizine", "diazepam", "betahistine"]', 'Take medications as needed, avoid sudden movements', '["Avoid driving during episodes", "Fall prevention measures"]'),
('Seizure Disorder', '["phenytoin", "carbamazepine", "valproic acid"]', 'Take medications consistently, regular blood monitoring', '["Never stop medications abruptly", "Avoid alcohol"]'),
('Arthritis', '["methotrexate", "ibuprofen", "prednisone"]', 'Take medications as prescribed, physical therapy, joint protection', '["Monitor for side effects", "Regular blood tests"]'),
('Back Pain', '["ibuprofen", "cyclobenzaprine", "gabapentin"]', 'Pain medications, physical therapy, gradual activity increase', '["Avoid bed rest", "Proper body mechanics"]'),
('Fibromyalgia', '["pregabalin", "duloxetine", "amitriptyline"]', 'Take medications consistently, regular exercise, stress management', '["Gradual exercise increase", "Sleep hygiene important"]'),
('Fracture', '["acetaminophen", "ibuprofen", "calcium supplements"]', 'Immobilization, pain management, follow-up imaging', '["Follow weight-bearing restrictions", "Attend all follow-ups"]'),
('Eczema', '["hydrocortisone", "tacrolimus", "moisturizers"]', 'Apply topical medications, use fragrance-free products, avoid triggers', '["Avoid scratching", "Moisturize regularly"]'),
('Psoriasis', '["methotrexate", "adalimumab", "topical steroids"]', 'Take medications as prescribed, UV therapy, stress management', '["Regular monitoring required", "Avoid triggers"]'),
('Acne', '["tretinoin", "benzoyl peroxide", "clindamycin"]', 'Apply topical medications, gentle cleansing, avoid picking', '["Initial worsening possible", "Sun protection important"]'),
('Dermatitis', '["hydrocortisone", "antihistamines", "moisturizers"]', 'Apply topical steroids, avoid irritants, moisturize regularly', '["Identify and avoid triggers", "Gradual steroid withdrawal"]'),
('UTI', '["trimethoprim-sulfamethoxazole", "nitrofurantoin", "phenazopyridine"]', 'Complete antibiotic course, increase fluid intake, proper hygiene', '["Complete full course", "Wipe front to back"]'),
('Kidney Stones', '["tamsulosin", "ibuprofen", "increased fluids"]', 'Pain management, increase water intake, strain urine', '["Seek care for severe pain", "Collect stone for analysis"]'),
('Cystitis', '["trimethoprim-sulfamethoxazole", "phenazopyridine", "cranberry supplements"]', 'Complete antibiotic course, increase fluids, avoid irritants', '["Complete medication course", "Avoid caffeine and alcohol"]'),
('Diabetes Type 2', '["metformin", "glipizide", "insulin"]', 'Take medications as prescribed, monitor blood sugar, lifestyle modifications', '["Regular monitoring required", "Hypoglycemia awareness"]'),
('Hyperthyroidism', '["methimazole", "propranolol", "radioactive iodine"]', 'Take medications consistently, regular thyroid function tests', '["Regular monitoring required", "Avoid iodine excess"]'),
('Hypothyroidism', '["levothyroxine", "liothyronine"]', 'Take thyroid medication on empty stomach, regular monitoring', '["Take consistently", "Avoid soy and calcium near dose"]'),
('Depression', '["sertraline", "escitalopram", "bupropion"]', 'Take medications consistently, therapy, lifestyle modifications', '["Monitor for suicidal thoughts", "Do not stop abruptly"]'),
('Anxiety', '["lorazepam", "sertraline", "buspirone"]', 'Take medications as prescribed, therapy, stress management', '["Avoid alcohol", "Do not stop benzodiazepines abruptly"]'),
('Panic Disorder', '["alprazolam", "paroxetine", "cognitive therapy"]', 'Take medications consistently, breathing exercises, therapy', '["Avoid caffeine", "Gradual exposure therapy"]'),
('Malaria', '["artemether-lumefantrine", "doxycycline", "primaquine"]', 'Complete antimalarial course, rest, maintain hydration', '["Complete full course", "Prevent mosquito bites"]'),
('Tuberculosis', '["isoniazid", "rifampin", "ethambutol", "pyrazinamide"]', 'Complete 6-month treatment course, directly observed therapy', '["Never miss doses", "Isolate until non-infectious"]'),
('Hepatitis', '["peginterferon", "ribavirin", "rest"]', 'Take medications as prescribed, avoid alcohol, rest', '["Avoid hepatotoxic substances", "Regular monitoring"]'),
('COVID-19', '["paxlovid", "remdesivir", "dexamethasone"]', 'Isolate, rest, monitor oxygen levels, supportive care', '["Isolate for 5 days", "Seek care for breathing difficulties"]'),
('Menstrual Disorders', '["oral contraceptives", "ibuprofen", "tranexamic acid"]', 'Hormone regulation, pain management, iron supplementation', '["Track menstrual cycle", "Iron deficiency screening"]'),
('PCOS', '["metformin", "oral contraceptives", "spironolactone"]', 'Hormone regulation, weight management, regular monitoring', '["Lifestyle modifications important", "Regular screening"]'),
('Endometriosis', '["naproxen", "oral contraceptives", "leuprolide"]', 'Pain management, hormone therapy, surgical options', '["Fertility counseling", "Pain management strategies"]'),
('Chicken Pox', '["acyclovir", "calamine lotion", "acetaminophen"]', 'Supportive care, prevent scratching, maintain hygiene', '["Avoid aspirin", "Trim fingernails"]'),
('Measles', '["vitamin A", "acetaminophen", "rest"]', 'Supportive care, rest, maintain hydration', '["Isolate to prevent spread", "Monitor for complications"]'),
('Mumps', '["acetaminophen", "ibuprofen", "rest"]', 'Supportive care, rest, maintain hydration', '["Isolate to prevent spread", "Monitor for complications"]'),
('Conjunctivitis', '["erythromycin ointment", "artificial tears", "cold compresses"]', 'Apply topical antibiotics, avoid contact lenses, good hygiene', '["Avoid sharing towels", "Complete medication course"]'),
('Glaucoma', '["timolol", "latanoprost", "acetazolamide"]', 'Use eye drops consistently, regular eye exams, protect vision', '["Never miss doses", "Regular monitoring essential"]'),
('Cataracts', '["surgical removal", "artificial lens", "eye drops"]', 'Surgical consultation, pre-operative preparation, post-operative care', '["Surgery when vision impaired", "Follow post-op instructions"]'),
('Otitis Media', '["amoxicillin", "ibuprofen", "ear drops"]', 'Complete antibiotic course, pain management, warm compresses', '["Complete medication course", "Avoid water in ears"]'),
('Tonsillitis', '["penicillin", "ibuprofen", "throat lozenges"]', 'Complete antibiotic course, pain management, rest', '["Complete medication course", "Soft diet initially"]'),
('Laryngitis', '["voice rest", "humidified air", "throat lozenges"]', 'Voice rest, avoid irritants, supportive care', '["Avoid whispering", "Stay hydrated"]');

-- Insert comprehensive drug interactions (150+ interactions)
INSERT INTO drug_interactions (medication_pair, severity, description) VALUES
('warfarin,aspirin', 'severe', 'Significantly increases bleeding risk'),
('metformin,contrast dye', 'severe', 'Risk of lactic acidosis'),
('phenytoin,warfarin', 'severe', 'Unpredictable anticoagulation effects'),
('digoxin,amiodarone', 'severe', 'Digoxin toxicity risk'),
('lithium,ACE inhibitors', 'severe', 'Lithium toxicity risk'),
('tramadol,serotonin reuptake inhibitors', 'severe', 'Serotonin syndrome risk'),
('monoamine oxidase inhibitors,tyramine', 'severe', 'Hypertensive crisis'),
('insulin,alcohol', 'severe', 'Severe hypoglycemia risk'),
('warfarin,antibiotics', 'severe', 'Increased bleeding risk'),
('cyclosporine,grapefruit juice', 'severe', 'Increased drug levels and toxicity'),
('metronidazole,alcohol', 'severe', 'Disulfiram-like reaction'),
('isosorbide,sildenafil', 'severe', 'Severe hypotension risk'),
('linezolid,tyramine-rich foods', 'severe', 'Hypertensive reactions'),
('phenelzine,meperidine', 'severe', 'Serotonin syndrome'),
('clozapine,carbamazepine', 'severe', 'Bone marrow suppression'),
('ibuprofen,lisinopril', 'moderate', 'Reduced antihypertensive effect'),
('omeprazole,clopidogrel', 'moderate', 'Reduced antiplatelet effect'),
('prednisone,NSAIDs', 'moderate', 'Increased GI bleeding risk'),
('metformin,furosemide', 'moderate', 'Increased metformin levels'),
('simvastatin,amlodipine', 'moderate', 'Increased statin levels'),
('levothyroxine,calcium', 'moderate', 'Reduced thyroid hormone absorption'),
('tetracycline,dairy products', 'moderate', 'Reduced antibiotic absorption'),
('iron supplements,tea', 'moderate', 'Reduced iron absorption'),
('digoxin,quinidine', 'moderate', 'Increased digoxin levels'),
('theophylline,ciprofloxacin', 'moderate', 'Increased theophylline levels'),
('phenytoin,folic acid', 'moderate', 'Reduced phenytoin levels'),
('carbamazepine,erythromycin', 'moderate', 'Increased carbamazepine levels'),
('fluoxetine,tramadol', 'moderate', 'Serotonin syndrome risk'),
('atorvastatin,clarithromycin', 'moderate', 'Increased statin levels'),
('metoprolol,verapamil', 'moderate', 'Excessive bradycardia risk'),
('losartan,potassium supplements', 'moderate', 'Hyperkalemia risk'),
('allopurinol,azathioprine', 'moderate', 'Increased immunosuppression'),
('rifampin,oral contraceptives', 'moderate', 'Reduced contraceptive effectiveness'),
('ketoconazole,terfenadine', 'moderate', 'Cardiac arrhythmia risk'),
('ginkgo biloba,warfarin', 'moderate', 'Increased bleeding risk'),
('insulin,beta-blockers', 'moderate', 'Masked hypoglycemia symptoms'),
('levothyroxine,soy products', 'moderate', 'Reduced thyroid hormone absorption'),
('metformin,cimetidine', 'moderate', 'Increased metformin levels'),
('digoxin,spironolactone', 'moderate', 'Increased digoxin levels'),
('phenytoin,isoniazid', 'moderate', 'Increased phenytoin levels'),
('warfarin,amiodarone', 'moderate', 'Increased anticoagulation'),
('lithium,thiazide diuretics', 'moderate', 'Increased lithium levels'),
('cyclosporine,St John wort', 'moderate', 'Reduced cyclosporine levels'),
('tacrolimus,fluconazole', 'moderate', 'Increased tacrolimus levels'),
('sirolimus,ketoconazole', 'moderate', 'Increased sirolimus levels'),
('amoxicillin,clarithromycin', 'minor', 'Part of H. pylori treatment'),
('doxycycline,antacids', 'moderate', 'Reduced antibiotic absorption'),
('ciprofloxacin,iron supplements', 'moderate', 'Reduced antibiotic absorption'),
('azithromycin,antacids', 'moderate', 'Reduced antibiotic absorption'),
('trimethoprim-sulfamethoxazole,warfarin', 'moderate', 'Increased bleeding risk'),
('chloramphenicol,warfarin', 'moderate', 'Increased bleeding risk'),
('erythromycin,theophylline', 'moderate', 'Increased theophylline levels'),
('rifampin,warfarin', 'moderate', 'Reduced anticoagulation effect'),
('ciprofloxacin,theophylline', 'moderate', 'Increased theophylline levels'),
('clarithromycin,digoxin', 'moderate', 'Increased digoxin levels'),
('erythromycin,carbamazepine', 'moderate', 'Increased carbamazepine levels'),
('fluconazole,warfarin', 'moderate', 'Increased bleeding risk'),
('isoniazid,phenytoin', 'moderate', 'Increased phenytoin levels'),
('trimethoprim,metformin', 'moderate', 'Increased metformin levels'),
('vancomycin,furosemide', 'moderate', 'Increased nephrotoxicity risk'),
('amlodipine,simvastatin', 'moderate', 'Increased statin levels'),
('furosemide,digoxin', 'moderate', 'Increased digoxin toxicity risk'),
('spironolactone,ACE inhibitors', 'moderate', 'Hyperkalemia risk'),
('nifedipine,grapefruit juice', 'moderate', 'Increased drug levels'),
('diltiazem,statins', 'moderate', 'Increased statin levels'),
('propranolol,epinephrine', 'moderate', 'Paradoxical hypertension'),
('verapamil,digoxin', 'moderate', 'Increased digoxin levels'),
('clopidogrel,aspirin', 'moderate', 'Increased bleeding risk'),
('atenolol,insulin', 'moderate', 'Masked hypoglycemia'),
('hydrochlorothiazide,lithium', 'moderate', 'Increased lithium levels'),
('captopril,potassium supplements', 'moderate', 'Hyperkalemia risk'),
('nifedipine,rifampin', 'moderate', 'Reduced nifedipine levels'),
('diltiazem,carbamazepine', 'moderate', 'Increased carbamazepine levels'),
('verapamil,lithium', 'moderate', 'Increased lithium toxicity'),
('propranolol,aluminum hydroxide', 'moderate', 'Reduced propranolol absorption'),
('phenytoin,carbamazepine', 'moderate', 'Reduced phenytoin levels'),
('valproic acid,lamotrigine', 'moderate', 'Increased lamotrigine levels'),
('gabapentin,morphine', 'moderate', 'Enhanced sedation'),
('pregabalin,alcohol', 'moderate', 'Increased CNS depression'),
('topiramate,oral contraceptives', 'moderate', 'Reduced contraceptive effectiveness'),
('levetiracetam,phenytoin', 'minor', 'No significant interaction'),
('duloxetine,tramadol', 'moderate', 'Serotonin syndrome risk'),
('amitriptyline,fluoxetine', 'moderate', 'Increased tricyclic levels'),
('bupropion,alcohol', 'moderate', 'Increased seizure risk'),
('sertraline,NSAIDs', 'moderate', 'Increased bleeding risk'),
('carbamazepine,oral contraceptives', 'moderate', 'Reduced contraceptive effectiveness'),
('phenytoin,fluconazole', 'moderate', 'Increased phenytoin levels'),
('valproic acid,aspirin', 'moderate', 'Increased valproic acid levels'),
('oxcarbazepine,oral contraceptives', 'moderate', 'Reduced contraceptive effectiveness');